1e-06, 176.0
1.0471285480508985e-06, 237.0
1.096478196143185e-06, 242.0
1.1481536214968817e-06, 236.0
1.2022644346174132e-06, 267.0
1.2589254117941661e-06, 295.0
1.3182567385564074e-06, 326.0
1.3803842646028838e-06, 359.0
1.445439770745928e-06, 391.0
1.5135612484362072e-06, 479.0
1.584893192461114e-06, 503.0
1.6595869074375596e-06, 495.0
1.7378008287493763e-06, 627.0
1.8197008586099826e-06, 650.0
1.9054607179632483e-06, 700.0
1.9952623149688787e-06, 787.0
2.0892961308540407e-06, 815.0
2.1877616239495517e-06, 877.0
2.2908676527677747e-06, 1003.0
2.3988329190194897e-06, 1168.0
2.5118864315095823e-06, 1238.0
2.6302679918953817e-06, 1350.0
2.754228703338169e-06, 1443.0
2.884031503126606e-06, 1598.0
3.0199517204020193e-06, 1798.0
3.162277660168379e-06, 1937.0
3.3113112148259077e-06, 2091.0
3.467368504525317e-06, 2296.0
3.6307805477010175e-06, 2528.0
3.801893963205613e-06, 2746.0
3.981071705534969e-06, 3043.0
4.168693834703355e-06, 3371.0
4.365158322401657e-06, 3626.0
4.570881896148752e-06, 4027.0
4.78630092322638e-06, 4419.0
5.011872336272725e-06, 4830.0
5.248074602497723e-06, 5322.0
5.4954087385762485e-06, 5772.0
5.754399373371567e-06, 6278.0
6.025595860743581e-06, 6907.0
6.30957344480193e-06, 7419.0
6.606934480075964e-06, 8425.0
6.9183097091893625e-06, 9074.0
7.244359600749906e-06, 10136.0
7.585775750291836e-06, 11078.0
7.943282347242822e-06, 11934.0
8.31763771102671e-06, 12798.0
8.709635899560814e-06, 14138.0
9.120108393559096e-06, 15539.0
9.549925860214369e-06, 16859.0
1e-05, 18176.0
1.0471285480508985e-05, 20114.0
1.0964781961431852e-05, 21796.0
1.1481536214968841e-05, 23320.0
1.2022644346174132e-05, 25508.0
1.2589254117941661e-05, 27286.0
1.3182567385564074e-05, 30110.0
1.3803842646028866e-05, 32510.0
1.445439770745928e-05, 35198.0
1.5135612484362071e-05, 37972.0
1.584893192461114e-05, 39943.0
1.6595869074375598e-05, 43982.0
1.7378008287493764e-05, 46578.0
1.8197008586099827e-05, 50642.0
1.9054607179632484e-05, 53343.0
1.9952623149688786e-05, 57912.0
2.089296130854041e-05, 61050.0
2.187761623949552e-05, 65817.0
2.290867652767775e-05, 69373.0
2.39883291901949e-05, 74499.0
2.5118864315095822e-05, 78259.0
2.6302679918953814e-05, 83016.0
2.7542287033381633e-05, 86925.0
2.8840315031266056e-05, 92691.0
3.0199517204020192e-05, 96834.0
3.1622776601683795e-05, 102683.0
3.3113112148259076e-05, 106654.0
3.467368504525317e-05, 111895.0
3.6307805477010174e-05, 117470.0
3.8018939632056124e-05, 120938.0
3.9810717055349695e-05, 125526.0
4.168693834703355e-05, 129374.0
4.3651583224016654e-05, 134276.0
4.5708818961487516e-05, 138567.0
4.7863009232263804e-05, 141424.0
5.011872336272725e-05, 144719.0
5.248074602497723e-05, 147082.0
5.495408738576248e-05, 149492.0
5.7543993733715664e-05, 151398.0
6.0255958607435806e-05, 152989.0
6.309573444801929e-05, 152548.0
6.606934480075965e-05, 153584.0
6.918309709189363e-05, 151864.0
7.244359600749906e-05, 150624.0
7.585775750291836e-05, 149152.0
7.943282347242822e-05, 146042.0
8.317637711026709e-05, 143219.0
8.709635899560796e-05, 139221.0
9.120108393559096e-05, 133746.0
9.549925860214369e-05, 129591.0
0.0001, 123800.0
0.00010471285480508996, 118982.0
0.00010964781961431851, 112116.0
0.0001148153621496883, 105598.0
0.00012022644346174131, 99083.0
0.00012589254117941674, 92839.0
0.00013182567385564074, 86581.0
0.00013803842646028852, 79712.0
0.0001445439770745928, 74026.0
0.00015135612484362088, 68156.0
0.00015848931924611142, 62752.0
0.00016595869074375615, 57747.0
0.00017378008287493763, 52754.0
0.00018197008586099845, 48658.0
0.00019054607179632481, 44731.0
0.0001995262314968881, 41877.0
0.00020892961308540387, 38974.0
0.00021877616239495518, 36811.0
0.00022908676527677723, 35174.0
0.000239883291901949, 33658.0
0.00025118864315095795, 32685.0
0.00026302679918953814, 32053.0
0.0002754228703338166, 31289.0
0.00028840315031266055, 31345.0
0.0003019951720402016, 30957.0
0.00031622776601683794, 30868.0
0.0003311311214825911, 30606.0
0.0003467368504525317, 30568.0
0.0003630780547701014, 30018.0
0.00038018939632056124, 29768.0
0.00039810717055349735, 29509.0
0.0004168693834703355, 29068.0
0.0004365158322401661, 28456.0
0.0004570881896148752, 28525.0
0.00047863009232263854, 28187.0
0.0005011872336272725, 28331.0
0.0005248074602497728, 28701.0
0.0005495408738576248, 28763.0
0.0005754399373371572, 28383.0
0.0006025595860743581, 27949.0
0.0006309573444801936, 27898.0
0.0006606934480075957, 27331.0
0.0006918309709189362, 27652.0
0.0007244359600749898, 27924.0
0.0007585775750291835, 27729.0
0.0007943282347242813, 27584.0
0.0008317637711026709, 27682.0
0.0008709635899560805, 27479.0
0.0009120108393559096, 27048.0
0.0009549925860214359, 27512.0
0.001, 27349.0
0.0010471285480508996, 27017.0
0.0010964781961431851, 26969.0
0.0011481536214968829, 26411.0
0.001202264434617413, 26894.0
0.0012589254117941675, 26949.0
0.0013182567385564075, 26683.0
0.0013803842646028853, 26827.0
0.001445439770745928, 26225.0
0.0015135612484362087, 26682.0
0.001584893192461114, 26893.0
0.0016595869074375613, 26261.0
0.0017378008287493763, 25937.0
0.0018197008586099844, 26617.0
0.0019054607179632482, 26417.0
0.0019952623149688807, 25855.0
0.0020892961308540407, 26293.0
0.002187761623949552, 26570.0
0.0022908676527677724, 26652.0
0.00239883291901949, 26659.0
0.0025118864315095794, 26479.0
0.0026302679918953813, 26367.0
0.002754228703338166, 26481.0
0.0028840315031266055, 26566.0
0.003019951720402016, 26463.0
0.0031622776601683794, 26673.0
0.003311311214825911, 26788.0
0.0034673685045253167, 26687.0
0.003630780547701014, 26716.0
0.0038018939632056127, 26697.0
0.003981071705534973, 26301.0
0.004168693834703355, 26346.0
0.004365158322401661, 26435.0
0.004570881896148752, 26717.0
0.004786300923226385, 26465.0
0.005011872336272725, 26186.0
0.005248074602497728, 26662.0
0.005495408738576248, 26713.0
0.005754399373371573, 26658.0
0.0060255958607435805, 26630.0
0.006309573444801936, 26366.0
0.006606934480075964, 26336.0
0.006918309709189363, 26434.0
0.007244359600749898, 25972.0
0.007585775750291836, 26200.0
0.007943282347242814, 26288.0
0.008317637711026709, 26120.0
0.008709635899560805, 26291.0
0.009120108393559097, 26503.0
0.009549925860214359, 26690.0
0.01, 26347.0
0.010471285480509006, 26434.0
0.01096478196143185, 26656.0
0.01148153621496884, 26069.0
0.012022644346174132, 26121.0
0.012589254117941661, 26265.0
0.013182567385564075, 26197.0
0.013803842646028838, 26467.0
0.01445439770745928, 26007.0
0.015135612484362071, 26122.0
0.01584893192461114, 26328.0
0.016595869074375595, 26510.0
0.017378008287493762, 26219.0
0.018197008586099826, 26405.0
0.019054607179632484, 25855.0
0.01995262314968879, 26094.0
0.02089296130854041, 26142.0
0.02187761623949552, 26168.0
0.022908676527677748, 26315.0
0.023988329190194897, 26145.0
0.025118864315095822, 26161.0
0.026302679918953815, 26035.0
0.02754228703338169, 25865.0
0.028840315031266057, 26164.0
0.030199517204020192, 26017.0
0.03162277660168379, 26239.0
0.03311311214825915, 26340.0
0.034673685045253165, 26225.0
0.03630780547701017, 25971.0
0.038018939632056124, 25991.0
0.039810717055349776, 26136.0
0.04168693834703355, 26135.0
0.04365158322401656, 26095.0
0.04570881896148752, 26005.0
0.0478630092322638, 25998.0
0.05011872336272725, 26027.0
0.05248074602497723, 26151.0
0.05495408738576248, 26047.0
0.057543993733715666, 26472.0
0.06025595860743581, 26226.0
0.0630957344480193, 26227.0
0.06606934480075964, 26280.0
0.06918309709189363, 26158.0
0.07244359600749906, 26267.0
0.07585775750291836, 26222.0
0.07943282347242822, 25877.0
0.08317637711026708, 26094.0
0.08709635899560814, 26007.0
0.09120108393559097, 26180.0
0.09549925860214369, 26379.0
0.1, 26119.0
0.10471285480509006, 25970.0
0.1096478196143185, 26167.0
0.1148153621496884, 25976.0
0.12022644346174131, 26268.0
0.12589254117941687, 25758.0
0.13182567385564073, 26029.0
0.13803842646028838, 26161.0
0.1445439770745928, 26469.0
0.1513561248436207, 26112.0
0.15848931924611143, 25731.0
0.16595869074375597, 26074.0
0.17378008287493762, 25888.0
0.18197008586099825, 26318.0
0.19054607179632482, 26073.0
0.1995262314968879, 26341.0
0.2089296130854041, 25967.0
0.21877616239495518, 26172.0
0.22908676527677746, 26281.0
0.239883291901949, 26202.0
0.25118864315095824, 25836.0
0.26302679918953814, 26130.0
0.2754228703338169, 26159.0
0.28840315031266056, 25982.0
0.30199517204020193, 26106.0
0.31622776601683794, 26048.0
0.33113112148259144, 26078.0
0.34673685045253166, 25977.0
0.36307805477010174, 26005.0
0.38018939632056126, 26277.0
0.39810717055349776, 26181.0
0.41686938347033553, 25995.0
0.43651583224016566, 26000.0
0.4570881896148752, 26082.0
0.47863009232263803, 26117.0
0.5011872336272725, 26263.0
0.5248074602497723, 26035.0
0.5495408738576248, 25991.0
0.5754399373371566, 26034.0
0.6025595860743581, 26116.0
0.630957344480193, 26204.0
0.6606934480075964, 25912.0
0.6918309709189363, 26038.0
0.7244359600749906, 26317.0
0.7585775750291835, 26183.0
0.7943282347242822, 26174.0
0.8317637711026709, 26053.0
0.8709635899560815, 26187.0
0.9120108393559097, 26026.0
0.9549925860214369, 26345.0
1.0, 26209.0
1.0471285480509007, 25960.0
1.096478196143185, 25970.0
1.1481536214968842, 26406.0
1.2022644346174132, 25909.0
1.2589254117941688, 26200.0
1.3182567385564075, 26157.0
1.3803842646028865, 25957.0
1.4454397707459279, 26126.0
1.513561248436207, 26138.0
1.584893192461114, 26281.0
1.6595869074375598, 25692.0
1.7378008287493762, 26142.0
1.8197008586099825, 26244.0
1.9054607179632483, 26149.0
1.9952623149688788, 26399.0
2.089296130854041, 26463.0
2.1877616239495516, 26126.0
2.290867652767775, 26566.0
2.39883291901949, 26296.0
2.5118864315095824, 26181.0
2.6302679918953813, 26461.0
2.754228703338169, 26468.0
2.8840315031266055, 26103.0
3.019951720402019, 26175.0
3.1622776601683795, 26655.0
3.3113112148259143, 26521.0
3.4673685045253166, 26808.0
3.6307805477010175, 26432.0
3.801893963205613, 26783.0
3.9810717055349776, 26633.0
4.168693834703355, 26516.0
4.3651583224016655, 26863.0
4.570881896148752, 26725.0
4.7863009232263805, 26821.0
5.011872336272725, 26971.0
5.248074602497723, 26805.0
5.4954087385762485, 27027.0
5.754399373371567, 26897.0
6.025595860743581, 27181.0
6.30957344480193, 27128.0
6.606934480075965, 27420.0
6.918309709189363, 27497.0
7.244359600749906, 27308.0
7.585775750291836, 27264.0
7.943282347242821, 27529.0
8.317637711026709, 27531.0
8.709635899560814, 27450.0
9.120108393559097, 28145.0
9.549925860214369, 28093.0
10.0, 27830.0
10.471285480509007, 28017.0
10.964781961431852, 28064.0
11.481536214968841, 28302.0
12.02264434617413, 28373.0
12.589254117941687, 28704.0
13.182567385564074, 28642.0
13.803842646028867, 28763.0
14.45439770745928, 28916.0
15.135612484362072, 29334.0
15.848931924611142, 29380.0
16.595869074375596, 29649.0
17.378008287493763, 29457.0
18.197008586099827, 29985.0
19.054607179632484, 30095.0
19.952623149688787, 30188.0
20.892961308540407, 30296.0
21.87761623949552, 30757.0
22.90867652767775, 30636.0
23.9883291901949, 31145.0
25.11886431509582, 31837.0
26.302679918953814, 31729.0
27.54228703338169, 32165.0
28.84031503126606, 32150.0
30.199517204020193, 32474.0
31.622776601683793, 33015.0
33.11311214825915, 33458.0
34.673685045253166, 33585.0
36.30780547701018, 34451.0
38.018939632056124, 34669.0
39.81071705534978, 35133.0
41.68693834703355, 35515.0
43.651583224016655, 35864.0
45.708818961487516, 36393.0
47.863009232263806, 36989.0
50.11872336272725, 37342.0
52.48074602497723, 37817.0
54.954087385762485, 38058.0
57.543993733715666, 39032.0
60.25595860743581, 38939.0
63.0957344480193, 39952.0
66.06934480075964, 40493.0
69.18309709189363, 41307.0
72.44359600749905, 42019.0
75.85775750291836, 42695.0
79.43282347242821, 43239.0
83.17637711026708, 44725.0
87.09635899560814, 45557.0
91.20108393559097, 46653.0
95.49925860214368, 47819.0
100.0, 48808.0
104.71285480508985, 49955.0
109.64781961431873, 51105.0
114.81536214968841, 52155.0
120.22644346174131, 53419.0
125.89254117941663, 54431.0
131.825673855641, 55954.0
138.03842646028866, 57694.0
144.5439770745928, 59089.0
151.3561248436207, 60865.0
158.48931924611108, 63150.0
165.9586907437563, 64602.0
173.78008287493762, 66169.0
181.97008586099827, 68908.0
190.54607179632444, 70705.0
199.5262314968883, 73457.0
208.92961308540407, 75062.0
218.77616239495518, 77395.0
229.08676527677702, 79692.0
239.8832919019495, 82947.0
251.18864315095823, 85551.0
263.02679918953817, 89606.0
275.4228703338163, 93439.0
288.4031503126612, 97472.0
301.9951720402019, 101482.0
316.22776601683796, 105896.0
331.13112148259074, 109767.0
346.7368504525324, 114937.0
363.07805477010174, 119457.0
380.1893963205613, 126332.0
398.1071705534969, 131845.0
416.86938347033634, 137064.0
436.51583224016656, 143094.0
457.0881896148752, 149812.0
478.630092322638, 157496.0
501.18723362727354, 168106.0
524.8074602497734, 189822.0
549.5408738576248, 230013.0
575.4399373371566, 1238017.0
602.5595860743568, 0.0
630.9573444801943, 0.0
660.6934480075964, 0.0
691.8309709189363, 0.0
724.4359600749891, 0.0
758.5775750291851, 0.0
794.3282347242822, 0.0
831.7637711026708, 0.0
870.9635899560797, 0.0
912.0108393559116, 0.0
954.9925860214369, 0.0
1000.0, 0.0
