TallyType,Surface,Distance,Energy,Counts,Uncertainty
tally_type_1,7,0.0,0.0,0.0,0.0
tally_type_1,7,0.0,1.0000000000000001e-07,366.372,0.0443
tally_type_1,7,0.0,1.0463e-07,30.0109,0.1553
tally_type_1,7,0.0,1.0947e-07,38.5815,0.1391
tally_type_1,7,0.0,1.1454e-07,38.2709,0.1405
tally_type_1,7,0.0,1.1984e-07,39.6233,0.1341
tally_type_1,7,0.0,1.2538999999999999e-07,40.8756,0.1348
tally_type_1,7,0.0,1.3119e-07,48.6036,0.1181
tally_type_1,7,0.0,1.3726e-07,54.0072,0.1144
tally_type_1,7,0.0,1.4361999999999999e-07,44.0911,0.1236
tally_type_1,7,0.0,1.5026999999999998e-07,55.3519,0.1133
tally_type_1,7,0.0,1.5722e-07,86.6932,0.0906
tally_type_1,7,0.0,1.645e-07,90.1809,0.0913
tally_type_1,7,0.0,1.7211e-07,95.8305,0.0868
tally_type_1,7,0.0,1.8007999999999998e-07,97.8281,0.0844
tally_type_1,7,0.0,1.8841e-07,111.323,0.0799
tally_type_1,7,0.0,1.9713e-07,115.4,0.0779
tally_type_1,7,0.0,2.0626e-07,121.63799999999999,0.0769
tally_type_1,7,0.0,2.1581e-07,155.766,0.0675
tally_type_1,7,0.0,2.2580000000000002e-07,181.564,0.0628
tally_type_1,7,0.0,2.3625e-07,180.92000000000002,0.063
tally_type_1,7,0.0,2.4718e-07,185.207,0.0621
tally_type_1,7,0.0,2.5861999999999997e-07,217.60399999999998,0.0572
tally_type_1,7,0.0,2.7059e-07,240.831,0.0543
tally_type_1,7,0.0,2.8312e-07,253.803,0.0535
tally_type_1,7,0.0,2.9622e-07,278.315,0.0509
tally_type_1,7,0.0,3.0994000000000003e-07,282.79,0.0497
tally_type_1,7,0.0,3.2428e-07,366.075,0.0443
tally_type_1,7,0.0,3.3929e-07,389.60699999999997,0.0428
tally_type_1,7,0.0,3.55e-07,371.31,0.0437
tally_type_1,7,0.0,3.7143e-07,440.379,0.0405
tally_type_1,7,0.0,3.8862e-07,481.15000000000003,0.0387
tally_type_1,7,0.0,4.0661e-07,557.264,0.0356
tally_type_1,7,0.0,4.2543e-07,557.3530000000001,0.0355
tally_type_1,7,0.0,4.4512e-07,609.2009999999999,0.0339
tally_type_1,7,0.0,4.6573000000000003e-07,663.338,0.0328
tally_type_1,7,0.0,4.8728e-07,820.639,0.0296
tally_type_1,7,0.0,5.0984e-07,808.1089999999999,0.0295
tally_type_1,7,0.0,5.3344e-07,909.813,0.028
tally_type_1,7,0.0,5.5813e-07,999.366,0.0268
tally_type_1,7,0.0,5.8396e-07,1103.74,0.0253
tally_type_1,7,0.0,6.1099e-07,1222.37,0.0241
tally_type_1,7,0.0,6.3927e-07,1282.3400000000001,0.0236
tally_type_1,7,0.0,6.6886e-07,1417.8700000000001,0.0224
tally_type_1,7,0.0,6.9982e-07,1582.76,0.0211
tally_type_1,7,0.0,7.3222e-07,1757.09,0.0201
tally_type_1,7,0.0,7.661099999999999e-07,1918.4799999999998,0.0191
tally_type_1,7,0.0,8.0157e-07,2108.3,0.0184
tally_type_1,7,0.0,8.386699999999999e-07,2292.5699999999997,0.0176
tally_type_1,7,0.0,8.7749e-07,2553.83,0.0167
tally_type_1,7,0.0,9.1811e-07,2922.3,0.0156
tally_type_1,7,0.0,9.606e-07,3041.14,0.0153
tally_type_1,7,0.0,1.0051e-06,3289.81,0.0147
tally_type_1,7,0.0,1.0516e-06,3704.11,0.0139
tally_type_1,7,0.0,1.1003e-06,3971.12,0.0133
tally_type_1,7,0.0,1.1511999999999999e-06,4511.8099999999995,0.0125
tally_type_1,7,0.0,1.2044999999999999e-06,4917.95,0.012
tally_type_1,7,0.0,1.2602e-06,5354.11,0.0115
tally_type_1,7,0.0,1.3186e-06,5872.51,0.011
tally_type_1,7,0.0,1.3796e-06,6384.71,0.0105
tally_type_1,7,0.0,1.4435e-06,6944.13,0.0101
tally_type_1,7,0.0,1.5103e-06,7652.21,0.0096
tally_type_1,7,0.0,1.5802e-06,8495.029999999999,0.0091
tally_type_1,7,0.0,1.6533000000000001e-06,9236.3,0.0088
tally_type_1,7,0.0,1.7298e-06,10039.1,0.0084
tally_type_1,7,0.0,1.8099e-06,11172.199999999999,0.008
tally_type_1,7,0.0,1.8937000000000002e-06,12185.8,0.0076
tally_type_1,7,0.0,1.9813e-06,13423.8,0.0073
tally_type_1,7,0.0,2.0730999999999997e-06,14654.5,0.007
tally_type_1,7,0.0,2.169e-06,15957.0,0.0067
tally_type_1,7,0.0,2.2694000000000002e-06,17498.6,0.0064
tally_type_1,7,0.0,2.3744e-06,19442.7,0.006
tally_type_1,7,0.0,2.4844e-06,21243.0,0.0058
tally_type_1,7,0.0,2.5993e-06,22816.600000000002,0.0056
tally_type_1,7,0.0,2.7197e-06,25290.600000000002,0.0053
tally_type_1,7,0.0,2.8455e-06,27806.7,0.0051
tally_type_1,7,0.0,2.9773e-06,30496.300000000003,0.0048
tally_type_1,7,0.0,3.1151e-06,33328.799999999996,0.0046
tally_type_1,7,0.0,3.2593000000000003e-06,36465.7,0.0044
tally_type_1,7,0.0,3.4101e-06,39734.799999999996,0.0042
tally_type_1,7,0.0,3.568e-06,43388.9,0.004
tally_type_1,7,0.0,3.7331e-06,47863.3,0.0039
tally_type_1,7,0.0,3.9059e-06,52614.3,0.0037
tally_type_1,7,0.0,4.0867e-06,57121.0,0.0035
tally_type_1,7,0.0,4.2759e-06,62877.200000000004,0.0034
tally_type_1,7,0.0,4.4738e-06,68364.1,0.0032
tally_type_1,7,0.0,4.6809e-06,75096.0,0.0031
tally_type_1,7,0.0,4.897499999999999e-06,82101.59999999999,0.0029
tally_type_1,7,0.0,5.1242e-06,89573.09999999999,0.0028
tally_type_1,7,0.0,5.3614e-06,97804.8,0.0027
tally_type_1,7,0.0,5.6096000000000005e-06,106859.0,0.0026
tally_type_1,7,0.0,5.8692000000000005e-06,116505.0,0.0025
tally_type_1,7,0.0,6.1409e-06,127019.0,0.0024
tally_type_1,7,0.0,6.4251e-06,138400.0,0.0023
tally_type_1,7,0.0,6.7225000000000004e-06,151456.0,0.0022
tally_type_1,7,0.0,7.0337e-06,165250.0,0.0021
tally_type_1,7,0.0,7.3593e-06,179940.0,0.002
tally_type_1,7,0.0,7.6999e-06,196907.0,0.0019
tally_type_1,7,0.0,8.056300000000001e-06,212051.0,0.0018
tally_type_1,7,0.0,8.4292e-06,232362.0,0.0017
tally_type_1,7,0.0,8.819399999999999e-06,252093.0,0.0017
tally_type_1,7,0.0,9.2276e-06,273376.0,0.0016
tally_type_1,7,0.0,9.6547e-06,298804.0,0.0015
tally_type_1,7,0.0,1.0102000000000001e-05,323125.0,0.0015
tally_type_1,7,0.0,1.0569e-05,351069.0,0.0014
tally_type_1,7,0.0,1.1058e-05,381046.0,0.0014
tally_type_1,7,0.0,1.1570000000000001e-05,412398.0,0.0013
tally_type_1,7,0.0,1.2105999999999999e-05,446635.0,0.0013
tally_type_1,7,0.0,1.2666e-05,482692.0,0.0012
tally_type_1,7,0.0,1.3252e-05,523682.00000000006,0.0012
tally_type_1,7,0.0,1.3865999999999999e-05,564206.0,0.0011
tally_type_1,7,0.0,1.4508e-05,608070.0,0.0011
tally_type_1,7,0.0,1.5179e-05,657159.0,0.001
tally_type_1,7,0.0,1.5881999999999998e-05,706873.0,0.001
tally_type_1,7,0.0,1.6617e-05,760805.0,0.001
tally_type_1,7,0.0,1.7386000000000003e-05,818152.0,0.0009
tally_type_1,7,0.0,1.8191e-05,877181.0,0.0009
tally_type_1,7,0.0,1.9033e-05,940825.0,0.0009
tally_type_1,7,0.0,1.9914e-05,1007110.0000000001,0.0008
tally_type_1,7,0.0,2.0836e-05,1077400.0,0.0008
tally_type_1,7,0.0,2.18e-05,1148870.0,0.0008
tally_type_1,7,0.0,2.2808999999999998e-05,1225530.0,0.0008
tally_type_1,7,0.0,2.3865e-05,1303930.0,0.0007
tally_type_1,7,0.0,2.4969e-05,1386240.0,0.0007
tally_type_1,7,0.0,2.6125e-05,1469610.0,0.0007
tally_type_1,7,0.0,2.7334e-05,1552750.0,0.0007
tally_type_1,7,0.0,2.86e-05,1643280.0,0.0007
tally_type_1,7,0.0,2.9923999999999997e-05,1731160.0,0.0006
tally_type_1,7,0.0,3.1309e-05,1819870.0,0.0006
tally_type_1,7,0.0,3.2758e-05,1910070.0,0.0006
tally_type_1,7,0.0,3.4274e-05,2000820.0,0.0006
tally_type_1,7,0.0,3.586e-05,2090369.9999999998,0.0006
tally_type_1,7,0.0,3.752e-05,2177170.0,0.0006
tally_type_1,7,0.0,3.9257e-05,2261440.0,0.0006
tally_type_1,7,0.0,4.1074e-05,2343660.0,0.0006
tally_type_1,7,0.0,4.2975e-05,2421510.0,0.0005
tally_type_1,7,0.0,4.4965e-05,2494360.0,0.0005
tally_type_1,7,0.0,4.7046e-05,2563980.0,0.0005
tally_type_1,7,0.0,4.9223999999999995e-05,2626000.0,0.0005
tally_type_1,7,0.0,5.1502e-05,2680150.0,0.0005
tally_type_1,7,0.0,5.3886e-05,2726380.0,0.0005
tally_type_1,7,0.0,5.638e-05,2763210.0,0.0005
tally_type_1,7,0.0,5.899e-05,2789020.0,0.0005
tally_type_1,7,0.0,6.172e-05,2810110.0,0.0005
tally_type_1,7,0.0,6.4577e-05,2815670.0,0.0005
tally_type_1,7,0.0,6.7566e-05,2815110.0,0.0005
tally_type_1,7,0.0,7.0694e-05,2797950.0,0.0005
tally_type_1,7,0.0,7.3966e-05,2771180.0,0.0005
tally_type_1,7,0.0,7.7389e-05,2734170.0,0.0005
tally_type_1,7,0.0,8.097200000000001e-05,2681000.0,0.0005
tally_type_1,7,0.0,8.4719e-05,2618560.0,0.0005
tally_type_1,7,0.0,8.864100000000001e-05,2549300.0,0.0005
tally_type_1,7,0.0,9.2744e-05,2466130.0,0.0006
tally_type_1,7,0.0,9.7037e-05,2377550.0,0.0006
tally_type_1,7,0.0,0.00010153,2280710.0,0.0006
tally_type_1,7,0.0,0.00010623,2175490.0,0.0006
tally_type_1,7,0.0,0.00011114,2068280.0,0.0006
tally_type_1,7,0.0,0.00011629,1951990.0,0.0006
tally_type_1,7,0.0,0.00012167,1840040.0,0.0007
tally_type_1,7,0.0,0.0001273,1722290.0,0.0007
tally_type_1,7,0.0,0.0001332,1606500.0,0.0007
tally_type_1,7,0.0,0.00013936,1493520.0,0.0007
tally_type_1,7,0.0,0.00014581000000000002,1385980.0,0.0008
tally_type_1,7,0.0,0.00015256000000000002,1284530.0,0.0008
tally_type_1,7,0.0,0.00015962,1185490.0,0.0009
tally_type_1,7,0.0,0.00016701000000000002,1097250.0,0.0009
tally_type_1,7,0.0,0.00017474,1015800.0000000001,0.0009
tally_type_1,7,0.0,0.00018283,943362.0,0.001
tally_type_1,7,0.0,0.00019129,879272.0,0.001
tally_type_1,7,0.0,0.00020015,821662.0,0.0011
tally_type_1,7,0.0,0.00020941,774638.0,0.0011
tally_type_1,7,0.0,0.00021909999999999999,731040.0,0.0011
tally_type_1,7,0.0,0.00022925,694456.0,0.0012
tally_type_1,7,0.0,0.00023985999999999997,664437.0,0.0012
tally_type_1,7,0.0,0.00025096,640241.0,0.0012
tally_type_1,7,0.0,0.00026258,621358.0,0.0013
tally_type_1,7,0.0,0.00027473000000000005,606614.0,0.0013
tally_type_1,7,0.0,0.00028745,595346.0,0.0013
tally_type_1,7,0.0,0.00030074999999999996,586528.0,0.0013
tally_type_1,7,0.0,0.00031467,582003.0,0.0013
tally_type_1,7,0.0,0.00032924,577993.0,0.0013
tally_type_1,7,0.0,0.00034448000000000004,574299.0,0.0013
tally_type_1,7,0.0,0.00036041999999999997,572937.0,0.0013
tally_type_1,7,0.0,0.00037711,569763.0,0.0013
tally_type_1,7,0.0,0.00039456,569478.0,0.0013
tally_type_1,7,0.0,0.00041282,565764.0,0.0013
tally_type_1,7,0.0,0.00043192999999999997,563718.0,0.0013
tally_type_1,7,0.0,0.00045191999999999997,561039.0,0.0013
tally_type_1,7,0.0,0.00047284,559095.0,0.0013
tally_type_1,7,0.0,0.00049473,554177.0,0.0013
tally_type_1,7,0.0,0.00051763,553337.0,0.0013
tally_type_1,7,0.0,0.00054159,551143.0,0.0013
tally_type_1,7,0.0,0.00056666,550914.0,0.0013
tally_type_1,7,0.0,0.00059289,550449.0,0.0013
tally_type_1,7,0.0,0.00062033,546933.0,0.0013
tally_type_1,7,0.0,0.00064904,546303.0,0.0013
tally_type_1,7,0.0,0.00067909,545508.0,0.0013
tally_type_1,7,0.0,0.0007105200000000001,544688.0,0.0014
tally_type_1,7,0.0,0.00074341,545000.0,0.0013
tally_type_1,7,0.0,0.00077782,544479.0,0.0014
tally_type_1,7,0.0,0.0008138199999999999,543134.0,0.0014
tally_type_1,7,0.0,0.00085149,541046.0,0.0014
tally_type_1,7,0.0,0.0008909,541945.0,0.0014
tally_type_1,7,0.0,0.00093214,542297.0,0.0014
tally_type_1,7,0.0,0.0009752800000000001,540715.0,0.0014
tally_type_1,7,0.0,0.0010204,540357.0,0.0014
tally_type_1,7,0.0,0.0010677,540570.0,0.0014
tally_type_1,7,0.0,0.0011171,541433.0,0.0014
tally_type_1,7,0.0,0.0011688,540295.0,0.0014
tally_type_1,7,0.0,0.0012229,543259.0,0.0014
tally_type_1,7,0.0,0.0012795,540386.0,0.0014
tally_type_1,7,0.0,0.0013387,542780.0,0.0014
tally_type_1,7,0.0,0.0014007,542811.0,0.0014
tally_type_1,7,0.0,0.0014655,543053.0,0.0014
tally_type_1,7,0.0,0.0015333,542072.0,0.0014
tally_type_1,7,0.0,0.0016043000000000001,544718.0,0.0014
tally_type_1,7,0.0,0.0016786,544962.0,0.0014
tally_type_1,7,0.0,0.0017563,544943.0,0.0014
tally_type_1,7,0.0,0.0018376,543073.0,0.0014
tally_type_1,7,0.0,0.0019226,545742.0,0.0014
tally_type_1,7,0.0,0.0020116,545894.0,0.0014
tally_type_1,7,0.0,0.0021047,547406.0,0.0013
tally_type_1,7,0.0,0.0022021999999999996,547528.0,0.0013
tally_type_1,7,0.0,0.0023041,549602.0,0.0013
tally_type_1,7,0.0,0.0024107,550147.0,0.0013
tally_type_1,7,0.0,0.0025223,551491.0,0.0013
tally_type_1,7,0.0,0.0026390999999999997,551842.0,0.0013
tally_type_1,7,0.0,0.0027612,552840.0,0.0013
tally_type_1,7,0.0,0.002889,552266.0,0.0013
tally_type_1,7,0.0,0.0030228,554582.0,0.0013
tally_type_1,7,0.0,0.0031626999999999996,554978.0,0.0013
tally_type_1,7,0.0,0.0033090999999999997,556710.0,0.0013
tally_type_1,7,0.0,0.0034622,557128.0,0.0013
tally_type_1,7,0.0,0.0036225,557422.0,0.0013
tally_type_1,7,0.0,0.0037902,559718.0,0.0013
tally_type_1,7,0.0,0.0039656,559697.0,0.0013
tally_type_1,7,0.0,0.0041492,561453.0,0.0013
tally_type_1,7,0.0,0.0043412,562614.0,0.0013
tally_type_1,7,0.0,0.004542200000000001,565094.0,0.0013
tally_type_1,7,0.0,0.0047523999999999995,565297.0,0.0013
tally_type_1,7,0.0,0.0049724,565491.0,0.0013
tally_type_1,7,0.0,0.0052025,564532.0,0.0013
tally_type_1,7,0.0,0.0054433,566611.0,0.0013
tally_type_1,7,0.0,0.0056953,567433.0,0.0013
tally_type_1,7,0.0,0.0059589,569733.0,0.0013
tally_type_1,7,0.0,0.0062347,571266.0,0.0013
tally_type_1,7,0.0,0.0065233,573550.0,0.0013
tally_type_1,7,0.0,0.006825299999999999,575946.0,0.0013
tally_type_1,7,0.0,0.0071412,575098.0,0.0013
tally_type_1,7,0.0,0.0074717,577075.0,0.0013
tally_type_1,7,0.0,0.0078176,579440.0,0.0013
tally_type_1,7,0.0,0.0081794,580191.0,0.0013
tally_type_1,7,0.0,0.008558,583911.0,0.0013
tally_type_1,7,0.0,0.008954199999999999,585265.0,0.0013
tally_type_1,7,0.0,0.009368600000000001,588133.0,0.0013
tally_type_1,7,0.0,0.0098023,588303.0,0.0013
tally_type_1,7,0.0,0.010256,590448.0,0.0013
tally_type_1,7,0.0,0.010731,591457.0,0.0013
tally_type_1,7,0.0,0.011227,593984.0,0.0013
tally_type_1,7,0.0,0.011746999999999999,596209.0,0.0013
tally_type_1,7,0.0,0.012291,597898.0,0.0013
tally_type_1,7,0.0,0.01286,599135.0,0.0013
tally_type_1,7,0.0,0.013455,602149.0,0.0013
tally_type_1,7,0.0,0.014078,603083.0,0.0013
tally_type_1,7,0.0,0.014729,604689.0,0.0013
tally_type_1,7,0.0,0.015411,607485.0,0.0013
tally_type_1,7,0.0,0.016125,609127.0,0.0013
tally_type_1,7,0.0,0.016871,611078.0,0.0013
tally_type_1,7,0.0,0.017652,612523.0,0.0013
tally_type_1,7,0.0,0.018469,614947.0,0.0013
tally_type_1,7,0.0,0.019324,616350.0,0.0013
tally_type_1,7,0.0,0.020218,617679.0,0.0013
tally_type_1,7,0.0,0.021154000000000003,620549.0,0.0013
tally_type_1,7,0.0,0.022133,620126.0,0.0013
tally_type_1,7,0.0,0.023158,623282.0,0.0013
tally_type_1,7,0.0,0.02423,625497.0,0.0013
tally_type_1,7,0.0,0.025351,627828.0,0.0013
tally_type_1,7,0.0,0.026524,630619.0,0.0013
tally_type_1,7,0.0,0.027752000000000002,631760.0,0.0013
tally_type_1,7,0.0,0.029037,632438.0,0.0013
tally_type_1,7,0.0,0.030381,634793.0,0.0013
tally_type_1,7,0.0,0.031786999999999996,637799.0,0.0013
tally_type_1,7,0.0,0.033257999999999996,640178.0,0.0012
tally_type_1,7,0.0,0.034798,643334.0,0.0012
tally_type_1,7,0.0,0.036409000000000004,644059.0,0.0012
tally_type_1,7,0.0,0.038093999999999996,646100.0,0.0012
tally_type_1,7,0.0,0.039857000000000004,647015.0,0.0012
tally_type_1,7,0.0,0.041702,650100.0,0.0012
tally_type_1,7,0.0,0.043632,652984.0,0.0012
tally_type_1,7,0.0,0.045652000000000005,653807.0,0.0012
tally_type_1,7,0.0,0.047765,656157.0,0.0012
tally_type_1,7,0.0,0.049976,658169.0,0.0012
tally_type_1,7,0.0,0.052289,660619.0,0.0012
tally_type_1,7,0.0,0.054709,662507.0,0.0012
tally_type_1,7,0.0,0.057242,663507.0,0.0012
tally_type_1,7,0.0,0.059891,666278.0,0.0012
tally_type_1,7,0.0,0.06266300000000001,670009.0,0.0012
tally_type_1,7,0.0,0.065564,670721.0,0.0012
tally_type_1,7,0.0,0.068599,674127.0,0.0012
tally_type_1,7,0.0,0.07177399999999999,675228.0,0.0012
tally_type_1,7,0.0,0.075096,678518.0,0.0012
tally_type_1,7,0.0,0.078572,678990.0,0.0012
tally_type_1,7,0.0,0.082209,682361.0,0.0012
tally_type_1,7,0.0,0.086014,684017.0,0.0012
tally_type_1,7,0.0,0.08999599999999999,686592.0,0.0012
tally_type_1,7,0.0,0.094161,689864.0,0.0012
tally_type_1,7,0.0,0.09852,689379.0,0.0012
tally_type_1,7,0.0,0.10307999999999999,693167.0,0.0012
tally_type_1,7,0.0,0.10785,695084.0,0.0012
tally_type_1,7,0.0,0.11284,698176.0,0.0012
tally_type_1,7,0.0,0.11807,701099.0,0.0012
tally_type_1,7,0.0,0.12353,701660.0,0.0012
tally_type_1,7,0.0,0.12925,704689.0,0.0012
tally_type_1,7,0.0,0.13523,707211.0,0.0012
tally_type_1,7,0.0,0.14149,709655.0,0.0012
tally_type_1,7,0.0,0.14804,712141.0,0.0012
tally_type_1,7,0.0,0.15489,715225.0,0.0012
tally_type_1,7,0.0,0.16206,716417.0,0.0012
tally_type_1,7,0.0,0.16956,718467.0,0.0012
tally_type_1,7,0.0,0.17740999999999998,721793.0,0.0012
tally_type_1,7,0.0,0.18562,724855.0,0.0012
tally_type_1,7,0.0,0.19422,725479.0,0.0012
tally_type_1,7,0.0,0.20321,727561.0,0.0012
tally_type_1,7,0.0,0.21261000000000002,731515.0,0.0012
tally_type_1,7,0.0,0.22245,734617.0,0.0012
tally_type_1,7,0.0,0.23274999999999998,734697.0,0.0012
tally_type_1,7,0.0,0.24352,736682.0,0.0012
tally_type_1,7,0.0,0.2548,740599.0,0.0012
tally_type_1,7,0.0,0.26659,743443.0,0.0012
tally_type_1,7,0.0,0.27893,746171.0,0.0012
tally_type_1,7,0.0,0.29184000000000004,749014.0,0.0012
tally_type_1,7,0.0,0.30535,751881.0,0.0012
tally_type_1,7,0.0,0.31948000000000004,753839.0,0.0012
tally_type_1,7,0.0,0.33427,757174.0,0.0011
tally_type_1,7,0.0,0.34974,757696.0,0.0011
tally_type_1,7,0.0,0.36593,760917.0,0.0011
tally_type_1,7,0.0,0.38287,763294.0,0.0011
tally_type_1,7,0.0,0.40059,768377.0,0.0011
tally_type_1,7,0.0,0.41913,768075.0,0.0011
tally_type_1,7,0.0,0.43853000000000003,771875.0,0.0011
tally_type_1,7,0.0,0.45883,774156.0,0.0011
tally_type_1,7,0.0,0.48007,774605.0,0.0011
tally_type_1,7,0.0,0.50229,778819.0,0.0011
tally_type_1,7,0.0,0.52554,780450.0,0.0011
tally_type_1,7,0.0,0.5498700000000001,784469.0,0.0011
tally_type_1,7,0.0,0.57532,788600.0,0.0011
tally_type_1,7,0.0,0.60195,789717.0,0.0011
tally_type_1,7,0.0,0.62981,790558.0,0.0011
tally_type_1,7,0.0,0.65896,794866.0,0.0011
tally_type_1,7,0.0,0.6894600000000001,796005.0,0.0011
tally_type_1,7,0.0,0.72138,800722.0,0.0011
tally_type_1,7,0.0,0.7547699999999999,803489.0,0.0011
tally_type_1,7,0.0,0.7897,806591.0,0.0011
tally_type_1,7,0.0,0.82626,808704.0,0.0011
tally_type_1,7,0.0,0.8645,809471.0,0.0011
tally_type_1,7,0.0,0.90452,814318.0,0.0011
tally_type_1,7,0.0,0.94638,816090.0,0.0011
tally_type_1,7,0.0,0.9901899999999999,818644.0,0.0011
tally_type_1,7,0.0,1.036,819683.0,0.0011
tally_type_1,7,0.0,1.0839999999999999,824088.0,0.0011
tally_type_1,7,0.0,1.1341999999999999,827607.0,0.0011
tally_type_1,7,0.0,1.1865999999999999,829552.0,0.0011
tally_type_1,7,0.0,1.2416,833090.0,0.0011
tally_type_1,7,0.0,1.299,835090.0,0.0011
tally_type_1,7,0.0,1.3592000000000002,837954.0,0.0011
tally_type_1,7,0.0,1.4221,842432.0,0.0011
tally_type_1,7,0.0,1.4879,842845.0,0.0011
tally_type_1,7,0.0,1.5568,846649.0,0.0011
tally_type_1,7,0.0,1.6287999999999998,850419.0,0.0011
tally_type_1,7,0.0,1.7042,854255.0,0.0011
tally_type_1,7,0.0,1.7831,855256.0,0.0011
tally_type_1,7,0.0,1.8657000000000001,858474.0,0.0011
tally_type_1,7,0.0,1.952,859920.0,0.0011
tally_type_1,7,0.0,2.0424,865037.0,0.0011
tally_type_1,7,0.0,2.1369000000000002,867238.0,0.0011
tally_type_1,7,0.0,2.2358000000000002,868345.0,0.0011
tally_type_1,7,0.0,2.3392999999999997,872787.0,0.0011
tally_type_1,7,0.0,2.4476,873958.0,0.0011
tally_type_1,7,0.0,2.5609,877788.0,0.0011
tally_type_1,7,0.0,2.6794000000000002,880453.0,0.0011
tally_type_1,7,0.0,2.8034000000000003,883331.0,0.0011
tally_type_1,7,0.0,2.9332,886258.0,0.0011
tally_type_1,7,0.0,3.069,890430.0,0.0011
tally_type_1,7,0.0,3.211,891867.0,0.0011
tally_type_1,7,0.0,3.3596,895684.0,0.0011
tally_type_1,7,0.0,3.5151000000000003,898142.0,0.0011
tally_type_1,7,0.0,3.6779,898042.0,0.0011
tally_type_1,7,0.0,3.8481,900594.0,0.0011
tally_type_1,7,0.0,4.026199999999999,905608.0,0.0011
tally_type_1,7,0.0,4.2126,907011.0,0.001
tally_type_1,7,0.0,4.4076,910017.0,0.001
tally_type_1,7,0.0,4.6116,913003.0,0.001
tally_type_1,7,0.0,4.825,916515.0,0.001
tally_type_1,7,0.0,5.0484,917244.0,0.001
tally_type_1,7,0.0,5.282,919996.0,0.001
tally_type_1,7,0.0,5.5265,923004.0,0.001
tally_type_1,7,0.0,5.782299999999999,925646.0,0.001
tally_type_1,7,0.0,6.05,927928.0,0.001
tally_type_1,7,0.0,6.33,932030.0,0.001
tally_type_1,7,0.0,6.623,932256.0,0.001
tally_type_1,7,0.0,6.9296,937764.0,0.001
tally_type_1,7,0.0,7.2503,937703.0,0.001
tally_type_1,7,0.0,7.5859,940836.0,0.001
tally_type_1,7,0.0,7.937100000000001,943024.0,0.001
tally_type_1,7,0.0,8.3044,944831.0,0.001
tally_type_1,7,0.0,8.6888,946766.0,0.001
tally_type_1,7,0.0,9.091,950886.0,0.001
tally_type_1,7,0.0,9.511800000000001,951470.0,0.001
tally_type_1,7,0.0,9.9521,955015.0,0.001
tally_type_1,7,0.0,10.413,956871.0,0.001
tally_type_1,7,0.0,10.895,957641.0,0.001
tally_type_1,7,0.0,11.399,962468.0,0.001
tally_type_1,7,0.0,11.927,964778.0,0.001
tally_type_1,7,0.0,12.479000000000001,965770.0,0.001
tally_type_1,7,0.0,13.056,969289.0,0.001
tally_type_1,7,0.0,13.661,970715.0,0.001
tally_type_1,7,0.0,14.293,973998.0,0.001
tally_type_1,7,0.0,14.955,977066.0,0.001
tally_type_1,7,0.0,15.647000000000002,977503.0,0.001
tally_type_1,7,0.0,16.371,979964.0,0.001
tally_type_1,7,0.0,17.128999999999998,982106.0,0.001
tally_type_1,7,0.0,17.922,984220.0000000001,0.001
tally_type_1,7,0.0,18.751,988413.0,0.001
tally_type_1,7,0.0,19.619,988017.0000000001,0.001
tally_type_1,7,0.0,20.527,993130.0,0.001
tally_type_1,7,0.0,21.477,993930.0000000001,0.001
tally_type_1,7,0.0,22.471,997041.0,0.001
tally_type_1,7,0.0,23.512,998208.0,0.001
tally_type_1,7,0.0,24.6,1001430.0,0.001
tally_type_1,7,0.0,25.738,1004090.0,0.001
tally_type_1,7,0.0,26.93,1007510.0000000001,0.001
tally_type_1,7,0.0,28.176,1008140.0,0.001
tally_type_1,7,0.0,29.481,1012160.0,0.001
tally_type_1,7,0.0,30.845000000000002,1015560.0,0.001
tally_type_1,7,0.0,32.273,1016990.0,0.001
tally_type_1,7,0.0,33.766999999999996,1020180.0000000001,0.001
tally_type_1,7,0.0,35.33,1025180.0000000001,0.001
tally_type_1,7,0.0,36.964999999999996,1027300.0000000001,0.001
tally_type_1,7,0.0,38.676,1029760.0,0.001
tally_type_1,7,0.0,40.466,1035440.0000000001,0.001
tally_type_1,7,0.0,42.339,1038979.9999999999,0.001
tally_type_1,7,0.0,44.299,1042980.0,0.001
tally_type_1,7,0.0,46.349000000000004,1045970.0,0.001
tally_type_1,7,0.0,48.495000000000005,1051810.0,0.001
tally_type_1,7,0.0,50.739,1056500.0,0.001
tally_type_1,7,0.0,53.088,1059890.0,0.001
tally_type_1,7,0.0,55.544999999999995,1065970.0,0.001
tally_type_1,7,0.0,58.116,1071570.0,0.001
tally_type_1,7,0.0,60.806,1079230.0,0.001
tally_type_1,7,0.0,63.620999999999995,1085040.0,0.001
tally_type_1,7,0.0,66.566,1090660.0,0.001
tally_type_1,7,0.0,69.647,1099790.0,0.001
tally_type_1,7,0.0,72.87100000000001,1107700.0,0.0009
tally_type_1,7,0.0,76.244,1116570.0,0.0009
tally_type_1,7,0.0,79.773,1126890.0,0.0009
tally_type_1,7,0.0,83.465,1133700.0,0.0009
tally_type_1,7,0.0,87.32900000000001,1145160.0,0.0009
tally_type_1,7,0.0,91.371,1156350.0,0.0009
tally_type_1,7,0.0,95.60000000000001,1168600.0,0.0009
tally_type_1,7,0.0,100.02999999999999,1181540.0,0.0009
tally_type_1,7,0.0,104.66,1196150.0,0.0009
tally_type_1,7,0.0,109.5,1209260.0,0.0009
tally_type_1,7,0.0,114.57000000000001,1225340.0,0.0009
tally_type_1,7,0.0,119.87,1241670.0,0.0009
tally_type_1,7,0.0,125.42,1258680.0,0.0009
tally_type_1,7,0.0,131.22,1278910.0,0.0009
tally_type_1,7,0.0,137.3,1295980.0,0.0009
tally_type_1,7,0.0,143.65,1316590.0,0.0009
tally_type_1,7,0.0,150.29999999999998,1337910.0,0.0009
tally_type_1,7,0.0,157.26000000000002,1354180.0,0.0009
tally_type_1,7,0.0,164.54,1383420.0,0.0008
tally_type_1,7,0.0,172.16,1407440.0,0.0008
tally_type_1,7,0.0,180.12,1432530.0,0.0008
tally_type_1,7,0.0,188.45999999999998,1457450.0,0.0008
tally_type_1,7,0.0,197.18,1485850.0,0.0008
tally_type_1,7,0.0,206.31,1512720.0,0.0008
tally_type_1,7,0.0,215.85999999999999,1541730.0,0.0008
tally_type_1,7,0.0,225.85,1576620.0,0.0008
tally_type_1,7,0.0,236.31,1607010.0,0.0008
tally_type_1,7,0.0,247.23999999999998,1644250.0,0.0008
tally_type_1,7,0.0,258.69,1689890.0,0.0008
tally_type_1,7,0.0,270.66,1737360.0,0.0008
tally_type_1,7,0.0,283.19,1793170.0,0.0007
tally_type_1,7,0.0,296.3,1854220.0,0.0007
tally_type_1,7,0.0,310.01,1928730.0,0.0007
tally_type_1,7,0.0,324.35999999999996,2033440.0,0.0007
tally_type_1,7,0.0,339.38,2169880.0,0.0007
tally_type_1,7,0.0,355.09000000000003,2187990.0,0.0007
tally_type_1,7,0.0,371.52000000000004,2154570.0,0.0007
tally_type_1,7,0.0,388.72,2342060.0,0.0007
tally_type_1,7,0.0,406.71000000000004,2798090.0,0.0006
tally_type_1,7,0.0,425.53999999999996,3386390.0,0.0005
tally_type_1,7,0.0,445.23,10711800.0,0.0003
tally_type_1,7,0.0,465.84,11120100.0,0.0003
tally_type_1,7,0.0,487.41,11445400.0,0.0003
tally_type_1,7,0.0,509.97,6339120.0,0.0004
tally_type_1,7,0.0,533.5699999999999,1518360.0,0.0008
tally_type_1,7,0.0,558.2700000000001,21931.5,0.0068
tally_type_1,7,0.0,584.11,1.99994,0.7071
tally_type_1,7,0.0,611.15,1000000000.0,0.0
tally_type_1,7,0.0,639.4300000000001,0.0,0.0
tally_type_1,7,0.0,669.03,0.0,0.0
tally_type_1,7,0.0,700.0,0.0,0.0
tally_type_1,15,8.0,0.0,0.0,0.0
tally_type_1,15,8.0,1.0000000000000001e-07,298.82599999999996,0.0483
tally_type_1,15,8.0,1.0463e-07,34.700300000000006,0.139
tally_type_1,15,8.0,1.0947e-07,33.459,0.1444
tally_type_1,15,8.0,1.1454e-07,30.250600000000002,0.1515
tally_type_1,15,8.0,1.1984e-07,39.7002,0.1329
tally_type_1,15,8.0,1.2538999999999999e-07,41.7712,0.1317
tally_type_1,15,8.0,1.3119e-07,43.8062,0.1258
tally_type_1,15,8.0,1.3726e-07,57.6106,0.1093
tally_type_1,15,8.0,1.4361999999999999e-07,55.0553,0.113
tally_type_1,15,8.0,1.5026999999999998e-07,61.1639,0.1076
tally_type_1,15,8.0,1.5722e-07,64.2636,0.1032
tally_type_1,15,8.0,1.645e-07,70.6164,0.0976
tally_type_1,15,8.0,1.7211e-07,73.38550000000001,0.0972
tally_type_1,15,8.0,1.8007999999999998e-07,79.0241,0.0934
tally_type_1,15,8.0,1.8841e-07,96.9539,0.085
tally_type_1,15,8.0,1.9713e-07,116.10799999999999,0.0783
tally_type_1,15,8.0,2.0626e-07,114.59700000000001,0.0785
tally_type_1,15,8.0,2.1581e-07,130.54,0.0732
tally_type_1,15,8.0,2.2580000000000002e-07,134.606,0.0729
tally_type_1,15,8.0,2.3625e-07,153.514,0.0672
tally_type_1,15,8.0,2.4718e-07,157.619,0.0662
tally_type_1,15,8.0,2.5861999999999997e-07,180.41299999999998,0.0621
tally_type_1,15,8.0,2.7059e-07,196.78900000000002,0.0601
tally_type_1,15,8.0,2.8312e-07,211.243,0.0578
tally_type_1,15,8.0,2.9622e-07,258.666,0.052
tally_type_1,15,8.0,3.0994000000000003e-07,282.868,0.0495
tally_type_1,15,8.0,3.2428e-07,280.257,0.0492
tally_type_1,15,8.0,3.3929e-07,327.706,0.0464
tally_type_1,15,8.0,3.55e-07,366.49100000000004,0.0434
tally_type_1,15,8.0,3.7143e-07,381.62100000000004,0.0426
tally_type_1,15,8.0,3.8862e-07,415.062,0.041
tally_type_1,15,8.0,4.0661e-07,472.293,0.0384
tally_type_1,15,8.0,4.2543e-07,508.899,0.0374
tally_type_1,15,8.0,4.4512e-07,482.77799999999996,0.0378
tally_type_1,15,8.0,4.6573000000000003e-07,631.945,0.0335
tally_type_1,15,8.0,4.8728e-07,702.277,0.0314
tally_type_1,15,8.0,5.0984e-07,739.455,0.0306
tally_type_1,15,8.0,5.3344e-07,810.598,0.0293
tally_type_1,15,8.0,5.5813e-07,882.45,0.0281
tally_type_1,15,8.0,5.8396e-07,976.894,0.0267
tally_type_1,15,8.0,6.1099e-07,1060.6499999999999,0.0256
tally_type_1,15,8.0,6.3927e-07,1133.02,0.0246
tally_type_1,15,8.0,6.6886e-07,1278.49,0.0234
tally_type_1,15,8.0,6.9982e-07,1408.3999999999999,0.0222
tally_type_1,15,8.0,7.3222e-07,1548.43,0.0212
tally_type_1,15,8.0,7.661099999999999e-07,1657.54,0.0204
tally_type_1,15,8.0,8.0157e-07,1861.66,0.0192
tally_type_1,15,8.0,8.386699999999999e-07,2015.36,0.0185
tally_type_1,15,8.0,8.7749e-07,2212.14,0.0177
tally_type_1,15,8.0,9.1811e-07,2380.75,0.017
tally_type_1,15,8.0,9.606e-07,2700.11,0.016
tally_type_1,15,8.0,1.0051e-06,2899.11,0.0155
tally_type_1,15,8.0,1.0516e-06,3200.1800000000003,0.0147
tally_type_1,15,8.0,1.1003e-06,3412.48,0.0142
tally_type_1,15,8.0,1.1511999999999999e-06,3832.7,0.0135
tally_type_1,15,8.0,1.2044999999999999e-06,4204.89,0.0128
tally_type_1,15,8.0,1.2602e-06,4664.1900000000005,0.0122
tally_type_1,15,8.0,1.3186e-06,5015.7,0.0118
tally_type_1,15,8.0,1.3796e-06,5526.53,0.0112
tally_type_1,15,8.0,1.4435e-06,6033.63,0.0107
tally_type_1,15,8.0,1.5103e-06,6784.33,0.0101
tally_type_1,15,8.0,1.5802e-06,7358.74,0.0097
tally_type_1,15,8.0,1.6533000000000001e-06,8096.889999999999,0.0092
tally_type_1,15,8.0,1.7298e-06,8760.26,0.0089
tally_type_1,15,8.0,1.8099e-06,9723.15,0.0084
tally_type_1,15,8.0,1.8937000000000002e-06,10676.199999999999,0.0081
tally_type_1,15,8.0,1.9813e-06,11545.4,0.0077
tally_type_1,15,8.0,2.0730999999999997e-06,12669.9,0.0074
tally_type_1,15,8.0,2.169e-06,13799.699999999999,0.0071
tally_type_1,15,8.0,2.2694000000000002e-06,15386.5,0.0067
tally_type_1,15,8.0,2.3744e-06,16713.8,0.0064
tally_type_1,15,8.0,2.4844e-06,18443.800000000003,0.0061
tally_type_1,15,8.0,2.5993e-06,20351.3,0.0058
tally_type_1,15,8.0,2.7197e-06,21995.8,0.0056
tally_type_1,15,8.0,2.8455e-06,24112.7,0.0054
tally_type_1,15,8.0,2.9773e-06,26700.7,0.0051
tally_type_1,15,8.0,3.1151e-06,29020.5,0.0049
tally_type_1,15,8.0,3.2593000000000003e-06,31586.9,0.0047
tally_type_1,15,8.0,3.4101e-06,34833.799999999996,0.0045
tally_type_1,15,8.0,3.568e-06,38338.299999999996,0.0043
tally_type_1,15,8.0,3.7331e-06,42023.3,0.0041
tally_type_1,15,8.0,3.9059e-06,45964.5,0.0039
tally_type_1,15,8.0,4.0867e-06,49810.7,0.0037
tally_type_1,15,8.0,4.2759e-06,54730.6,0.0036
tally_type_1,15,8.0,4.4738e-06,59908.9,0.0034
tally_type_1,15,8.0,4.6809e-06,65341.90000000001,0.0033
tally_type_1,15,8.0,4.897499999999999e-06,71295.09999999999,0.0031
tally_type_1,15,8.0,5.1242e-06,78206.2,0.003
tally_type_1,15,8.0,5.3614e-06,85342.8,0.0028
tally_type_1,15,8.0,5.6096000000000005e-06,93004.1,0.0027
tally_type_1,15,8.0,5.8692000000000005e-06,102294.0,0.0026
tally_type_1,15,8.0,6.1409e-06,111082.0,0.0025
tally_type_1,15,8.0,6.4251e-06,121326.0,0.0024
tally_type_1,15,8.0,6.7225000000000004e-06,132103.0,0.0023
tally_type_1,15,8.0,7.0337e-06,144274.0,0.0022
tally_type_1,15,8.0,7.3593e-06,157427.0,0.0021
tally_type_1,15,8.0,7.6999e-06,171795.0,0.002
tally_type_1,15,8.0,8.056300000000001e-06,187000.0,0.0019
tally_type_1,15,8.0,8.4292e-06,202690.0,0.0018
tally_type_1,15,8.0,8.819399999999999e-06,220157.0,0.0018
tally_type_1,15,8.0,9.2276e-06,240518.0,0.0017
tally_type_1,15,8.0,9.6547e-06,261068.0,0.0016
tally_type_1,15,8.0,1.0102000000000001e-05,282144.0,0.0016
tally_type_1,15,8.0,1.0569e-05,307331.0,0.0015
tally_type_1,15,8.0,1.1058e-05,332685.0,0.0014
tally_type_1,15,8.0,1.1570000000000001e-05,360824.0,0.0014
tally_type_1,15,8.0,1.2105999999999999e-05,389820.0,0.0013
tally_type_1,15,8.0,1.2666e-05,423369.0,0.0013
tally_type_1,15,8.0,1.3252e-05,456775.0,0.0012
tally_type_1,15,8.0,1.3865999999999999e-05,493839.99999999994,0.0012
tally_type_1,15,8.0,1.4508e-05,533644.0,0.0011
tally_type_1,15,8.0,1.5179e-05,574505.0,0.0011
tally_type_1,15,8.0,1.5881999999999998e-05,617561.0,0.0011
tally_type_1,15,8.0,1.6617e-05,666305.0,0.001
tally_type_1,15,8.0,1.7386000000000003e-05,714742.0,0.001
tally_type_1,15,8.0,1.8191e-05,768616.0,0.001
tally_type_1,15,8.0,1.9033e-05,824068.0,0.0009
tally_type_1,15,8.0,1.9914e-05,881516.0,0.0009
tally_type_1,15,8.0,2.0836e-05,943858.0,0.0009
tally_type_1,15,8.0,2.18e-05,1007220.0000000001,0.0008
tally_type_1,15,8.0,2.2808999999999998e-05,1073660.0,0.0008
tally_type_1,15,8.0,2.3865e-05,1143460.0,0.0008
tally_type_1,15,8.0,2.4969e-05,1215020.0,0.0008
tally_type_1,15,8.0,2.6125e-05,1286080.0,0.0007
tally_type_1,15,8.0,2.7334e-05,1363260.0,0.0007
tally_type_1,15,8.0,2.86e-05,1438720.0,0.0007
tally_type_1,15,8.0,2.9923999999999997e-05,1516700.0,0.0007
tally_type_1,15,8.0,3.1309e-05,1596670.0,0.0007
tally_type_1,15,8.0,3.2758e-05,1673040.0,0.0006
tally_type_1,15,8.0,3.4274e-05,1751190.0,0.0006
tally_type_1,15,8.0,3.586e-05,1831000.0,0.0006
tally_type_1,15,8.0,3.752e-05,1905940.0,0.0006
tally_type_1,15,8.0,3.9257e-05,1980230.0,0.0006
tally_type_1,15,8.0,4.1074e-05,2049850.0000000002,0.0006
tally_type_1,15,8.0,4.2975e-05,2123160.0,0.0006
tally_type_1,15,8.0,4.4965e-05,2185810.0,0.0006
tally_type_1,15,8.0,4.7046e-05,2245600.0,0.0006
tally_type_1,15,8.0,4.9223999999999995e-05,2298950.0,0.0006
tally_type_1,15,8.0,5.1502e-05,2347170.0,0.0006
tally_type_1,15,8.0,5.3886e-05,2385890.0,0.0005
tally_type_1,15,8.0,5.638e-05,2415910.0,0.0005
tally_type_1,15,8.0,5.899e-05,2436790.0,0.0005
tally_type_1,15,8.0,6.172e-05,2455670.0,0.0005
tally_type_1,15,8.0,6.4577e-05,2458880.0,0.0005
tally_type_1,15,8.0,6.7566e-05,2454010.0,0.0005
tally_type_1,15,8.0,7.0694e-05,2437020.0,0.0005
tally_type_1,15,8.0,7.3966e-05,2411670.0,0.0005
tally_type_1,15,8.0,7.7389e-05,2376250.0,0.0006
tally_type_1,15,8.0,8.097200000000001e-05,2331860.0,0.0006
tally_type_1,15,8.0,8.4719e-05,2276400.0,0.0006
tally_type_1,15,8.0,8.864100000000001e-05,2212180.0,0.0006
tally_type_1,15,8.0,9.2744e-05,2135120.0,0.0006
tally_type_1,15,8.0,9.7037e-05,2055130.0,0.0006
tally_type_1,15,8.0,0.00010153,1965269.9999999998,0.0006
tally_type_1,15,8.0,0.00010623,1872280.0,0.0006
tally_type_1,15,8.0,0.00011114,1771590.0,0.0007
tally_type_1,15,8.0,0.00011629,1666790.0,0.0007
tally_type_1,15,8.0,0.00012167,1564070.0,0.0007
tally_type_1,15,8.0,0.0001273,1457390.0,0.0007
tally_type_1,15,8.0,0.0001332,1355130.0,0.0008
tally_type_1,15,8.0,0.00013936,1254690.0,0.0008
tally_type_1,15,8.0,0.00014581000000000002,1155950.0,0.0008
tally_type_1,15,8.0,0.00015256000000000002,1064940.0,0.0009
tally_type_1,15,8.0,0.00015962,977400.0,0.0009
tally_type_1,15,8.0,0.00016701000000000002,898443.0,0.001
tally_type_1,15,8.0,0.00017474,826279.0,0.001
tally_type_1,15,8.0,0.00018283,761325.0,0.0011
tally_type_1,15,8.0,0.00019129,703568.0,0.0011
tally_type_1,15,8.0,0.00020015,653243.0,0.0012
tally_type_1,15,8.0,0.00020941,609950.0,0.0012
tally_type_1,15,8.0,0.00021909999999999999,569695.0,0.0013
tally_type_1,15,8.0,0.00022925,538700.0,0.0013
tally_type_1,15,8.0,0.00023985999999999997,512654.0,0.0014
tally_type_1,15,8.0,0.00025096,490184.99999999994,0.0014
tally_type_1,15,8.0,0.00026258,474922.0,0.0014
tally_type_1,15,8.0,0.00027473000000000005,460347.0,0.0015
tally_type_1,15,8.0,0.00028745,451364.0,0.0015
tally_type_1,15,8.0,0.00030074999999999996,443535.0,0.0015
tally_type_1,15,8.0,0.00031467,439144.0,0.0015
tally_type_1,15,8.0,0.00032924,434522.0,0.0015
tally_type_1,15,8.0,0.00034448000000000004,430219.0,0.0015
tally_type_1,15,8.0,0.00036041999999999997,428556.0,0.0015
tally_type_1,15,8.0,0.00037711,427742.0,0.0015
tally_type_1,15,8.0,0.00039456,424713.0,0.0015
tally_type_1,15,8.0,0.00041282,422338.0,0.0015
tally_type_1,15,8.0,0.00043192999999999997,421786.0,0.0015
tally_type_1,15,8.0,0.00045191999999999997,417017.0,0.0015
tally_type_1,15,8.0,0.00047284,415300.0,0.0015
tally_type_1,15,8.0,0.00049473,413289.0,0.0015
tally_type_1,15,8.0,0.00051763,409212.0,0.0016
tally_type_1,15,8.0,0.00054159,409461.0,0.0016
tally_type_1,15,8.0,0.00056666,407476.0,0.0016
tally_type_1,15,8.0,0.00059289,405261.0,0.0016
tally_type_1,15,8.0,0.00062033,404546.0,0.0016
tally_type_1,15,8.0,0.00064904,404265.0,0.0016
tally_type_1,15,8.0,0.00067909,401927.0,0.0016
tally_type_1,15,8.0,0.0007105200000000001,401917.0,0.0016
tally_type_1,15,8.0,0.00074341,398864.0,0.0016
tally_type_1,15,8.0,0.00077782,397964.0,0.0016
tally_type_1,15,8.0,0.0008138199999999999,398576.0,0.0016
tally_type_1,15,8.0,0.00085149,397551.0,0.0016
tally_type_1,15,8.0,0.0008909,395508.0,0.0016
tally_type_1,15,8.0,0.00093214,394344.0,0.0016
tally_type_1,15,8.0,0.0009752800000000001,394402.0,0.0016
tally_type_1,15,8.0,0.0010204,394117.0,0.0016
tally_type_1,15,8.0,0.0010677,393187.0,0.0016
tally_type_1,15,8.0,0.0011171,393434.0,0.0016
tally_type_1,15,8.0,0.0011688,392063.0,0.0016
tally_type_1,15,8.0,0.0012229,392436.0,0.0016
tally_type_1,15,8.0,0.0012795,389823.0,0.0016
tally_type_1,15,8.0,0.0013387,391365.0,0.0016
tally_type_1,15,8.0,0.0014007,389609.0,0.0016
tally_type_1,15,8.0,0.0014655,390476.0,0.0016
tally_type_1,15,8.0,0.0015333,389524.0,0.0016
tally_type_1,15,8.0,0.0016043000000000001,389015.0,0.0016
tally_type_1,15,8.0,0.0016786,387336.0,0.0016
tally_type_1,15,8.0,0.0017563,390071.0,0.0016
tally_type_1,15,8.0,0.0018376,387846.0,0.0016
tally_type_1,15,8.0,0.0019226,388096.0,0.0016
tally_type_1,15,8.0,0.0020116,387897.0,0.0016
tally_type_1,15,8.0,0.0021047,387836.0,0.0016
tally_type_1,15,8.0,0.0022021999999999996,387552.0,0.0016
tally_type_1,15,8.0,0.0023041,387339.0,0.0016
tally_type_1,15,8.0,0.0024107,387654.0,0.0016
tally_type_1,15,8.0,0.0025223,388682.0,0.0016
tally_type_1,15,8.0,0.0026390999999999997,387699.0,0.0016
tally_type_1,15,8.0,0.0027612,388556.0,0.0016
tally_type_1,15,8.0,0.002889,386653.0,0.0016
tally_type_1,15,8.0,0.0030228,388003.0,0.0016
tally_type_1,15,8.0,0.0031626999999999996,388932.0,0.0016
tally_type_1,15,8.0,0.0033090999999999997,387935.0,0.0016
tally_type_1,15,8.0,0.0034622,388284.0,0.0016
tally_type_1,15,8.0,0.0036225,387663.0,0.0016
tally_type_1,15,8.0,0.0037902,388627.0,0.0016
tally_type_1,15,8.0,0.0039656,388596.0,0.0016
tally_type_1,15,8.0,0.0041492,388511.0,0.0016
tally_type_1,15,8.0,0.0043412,389258.0,0.0016
tally_type_1,15,8.0,0.004542200000000001,388481.0,0.0016
tally_type_1,15,8.0,0.0047523999999999995,389150.0,0.0016
tally_type_1,15,8.0,0.0049724,388160.0,0.0016
tally_type_1,15,8.0,0.0052025,387263.0,0.0016
tally_type_1,15,8.0,0.0054433,387131.0,0.0016
tally_type_1,15,8.0,0.0056953,387963.0,0.0016
tally_type_1,15,8.0,0.0059589,388864.0,0.0016
tally_type_1,15,8.0,0.0062347,389371.0,0.0016
tally_type_1,15,8.0,0.0065233,389151.0,0.0016
tally_type_1,15,8.0,0.006825299999999999,388689.0,0.0016
tally_type_1,15,8.0,0.0071412,390672.0,0.0016
tally_type_1,15,8.0,0.0074717,389552.0,0.0016
tally_type_1,15,8.0,0.0078176,390631.0,0.0016
tally_type_1,15,8.0,0.0081794,391719.0,0.0016
tally_type_1,15,8.0,0.008558,391896.0,0.0016
tally_type_1,15,8.0,0.008954199999999999,392291.0,0.0016
tally_type_1,15,8.0,0.009368600000000001,392292.0,0.0016
tally_type_1,15,8.0,0.0098023,393459.0,0.0016
tally_type_1,15,8.0,0.010256,394180.0,0.0016
tally_type_1,15,8.0,0.010731,394168.0,0.0016
tally_type_1,15,8.0,0.011227,394248.0,0.0016
tally_type_1,15,8.0,0.011746999999999999,395906.0,0.0016
tally_type_1,15,8.0,0.012291,395589.0,0.0016
tally_type_1,15,8.0,0.01286,395985.0,0.0016
tally_type_1,15,8.0,0.013455,395827.0,0.0016
tally_type_1,15,8.0,0.014078,396893.0,0.0016
tally_type_1,15,8.0,0.014729,397820.0,0.0016
tally_type_1,15,8.0,0.015411,397375.0,0.0016
tally_type_1,15,8.0,0.016125,398457.0,0.0016
tally_type_1,15,8.0,0.016871,399173.0,0.0016
tally_type_1,15,8.0,0.017652,398652.0,0.0016
tally_type_1,15,8.0,0.018469,398638.0,0.0016
tally_type_1,15,8.0,0.019324,400307.0,0.0016
tally_type_1,15,8.0,0.020218,400155.0,0.0016
tally_type_1,15,8.0,0.021154000000000003,400910.0,0.0016
tally_type_1,15,8.0,0.022133,400689.0,0.0016
tally_type_1,15,8.0,0.023158,401842.0,0.0016
tally_type_1,15,8.0,0.02423,401601.0,0.0016
tally_type_1,15,8.0,0.025351,401785.0,0.0016
tally_type_1,15,8.0,0.026524,402005.0,0.0016
tally_type_1,15,8.0,0.027752000000000002,403932.0,0.0016
tally_type_1,15,8.0,0.029037,403293.0,0.0016
tally_type_1,15,8.0,0.030381,404940.0,0.0016
tally_type_1,15,8.0,0.031786999999999996,405456.0,0.0016
tally_type_1,15,8.0,0.033257999999999996,405217.0,0.0016
tally_type_1,15,8.0,0.034798,406239.0,0.0016
tally_type_1,15,8.0,0.036409000000000004,405037.0,0.0016
tally_type_1,15,8.0,0.038093999999999996,407151.0,0.0016
tally_type_1,15,8.0,0.039857000000000004,406450.0,0.0016
tally_type_1,15,8.0,0.041702,408417.0,0.0016
tally_type_1,15,8.0,0.043632,408884.0,0.0016
tally_type_1,15,8.0,0.045652000000000005,408003.0,0.0016
tally_type_1,15,8.0,0.047765,408543.0,0.0016
tally_type_1,15,8.0,0.049976,408731.0,0.0016
tally_type_1,15,8.0,0.052289,409210.0,0.0016
tally_type_1,15,8.0,0.054709,410976.0,0.0016
tally_type_1,15,8.0,0.057242,410184.0,0.0016
tally_type_1,15,8.0,0.059891,409720.0,0.0016
tally_type_1,15,8.0,0.06266300000000001,411312.0,0.0016
tally_type_1,15,8.0,0.065564,411617.0,0.0016
tally_type_1,15,8.0,0.068599,412744.0,0.0016
tally_type_1,15,8.0,0.07177399999999999,412291.0,0.0016
tally_type_1,15,8.0,0.075096,413565.0,0.0016
tally_type_1,15,8.0,0.078572,413038.0,0.0016
tally_type_1,15,8.0,0.082209,414010.0,0.0016
tally_type_1,15,8.0,0.086014,413785.0,0.0016
tally_type_1,15,8.0,0.08999599999999999,414655.0,0.0016
tally_type_1,15,8.0,0.094161,414575.0,0.0016
tally_type_1,15,8.0,0.09852,416211.0,0.0015
tally_type_1,15,8.0,0.10307999999999999,416227.0,0.0015
tally_type_1,15,8.0,0.10785,416607.0,0.0015
tally_type_1,15,8.0,0.11284,417364.0,0.0015
tally_type_1,15,8.0,0.11807,416950.0,0.0015
tally_type_1,15,8.0,0.12353,418090.0,0.0015
tally_type_1,15,8.0,0.12925,418916.0,0.0015
tally_type_1,15,8.0,0.13523,418690.0,0.0015
tally_type_1,15,8.0,0.14149,419417.0,0.0015
tally_type_1,15,8.0,0.14804,418645.0,0.0015
tally_type_1,15,8.0,0.15489,419502.0,0.0015
tally_type_1,15,8.0,0.16206,420058.0,0.0015
tally_type_1,15,8.0,0.16956,420957.0,0.0015
tally_type_1,15,8.0,0.17740999999999998,421335.0,0.0015
tally_type_1,15,8.0,0.18562,422406.0,0.0015
tally_type_1,15,8.0,0.19422,422383.0,0.0015
tally_type_1,15,8.0,0.20321,422885.0,0.0015
tally_type_1,15,8.0,0.21261000000000002,423110.0,0.0015
tally_type_1,15,8.0,0.22245,423394.0,0.0015
tally_type_1,15,8.0,0.23274999999999998,422790.0,0.0015
tally_type_1,15,8.0,0.24352,425200.0,0.0015
tally_type_1,15,8.0,0.2548,424461.0,0.0015
tally_type_1,15,8.0,0.26659,426100.0,0.0015
tally_type_1,15,8.0,0.27893,424657.0,0.0015
tally_type_1,15,8.0,0.29184000000000004,426243.0,0.0015
tally_type_1,15,8.0,0.30535,426211.0,0.0015
tally_type_1,15,8.0,0.31948000000000004,427693.0,0.0015
tally_type_1,15,8.0,0.33427,427936.0,0.0015
tally_type_1,15,8.0,0.34974,427032.0,0.0015
tally_type_1,15,8.0,0.36593,427465.0,0.0015
tally_type_1,15,8.0,0.38287,428249.0,0.0015
tally_type_1,15,8.0,0.40059,429382.0,0.0015
tally_type_1,15,8.0,0.41913,428510.0,0.0015
tally_type_1,15,8.0,0.43853000000000003,429663.0,0.0015
tally_type_1,15,8.0,0.45883,430092.0,0.0015
tally_type_1,15,8.0,0.48007,429902.0,0.0015
tally_type_1,15,8.0,0.50229,431607.0,0.0015
tally_type_1,15,8.0,0.52554,431899.0,0.0015
tally_type_1,15,8.0,0.5498700000000001,430969.0,0.0015
tally_type_1,15,8.0,0.57532,432436.0,0.0015
tally_type_1,15,8.0,0.60195,432948.0,0.0015
tally_type_1,15,8.0,0.62981,433867.0,0.0015
tally_type_1,15,8.0,0.65896,434896.0,0.0015
tally_type_1,15,8.0,0.6894600000000001,434847.0,0.0015
tally_type_1,15,8.0,0.72138,434760.0,0.0015
tally_type_1,15,8.0,0.7547699999999999,434412.0,0.0015
tally_type_1,15,8.0,0.7897,436469.0,0.0015
tally_type_1,15,8.0,0.82626,436397.0,0.0015
tally_type_1,15,8.0,0.8645,436899.0,0.0015
tally_type_1,15,8.0,0.90452,438576.0,0.0015
tally_type_1,15,8.0,0.94638,437842.0,0.0015
tally_type_1,15,8.0,0.9901899999999999,439658.0,0.0015
tally_type_1,15,8.0,1.036,439806.0,0.0015
tally_type_1,15,8.0,1.0839999999999999,441050.0,0.0015
tally_type_1,15,8.0,1.1341999999999999,441258.0,0.0015
tally_type_1,15,8.0,1.1865999999999999,440807.0,0.0015
tally_type_1,15,8.0,1.2416,441401.0,0.0015
tally_type_1,15,8.0,1.299,443016.0,0.0015
tally_type_1,15,8.0,1.3592000000000002,442729.0,0.0015
tally_type_1,15,8.0,1.4221,443710.0,0.0015
tally_type_1,15,8.0,1.4879,444452.0,0.0015
tally_type_1,15,8.0,1.5568,444633.0,0.0015
tally_type_1,15,8.0,1.6287999999999998,446573.0,0.0015
tally_type_1,15,8.0,1.7042,445414.0,0.0015
tally_type_1,15,8.0,1.7831,447101.0,0.0015
tally_type_1,15,8.0,1.8657000000000001,448057.0,0.0015
tally_type_1,15,8.0,1.952,448416.0,0.0015
tally_type_1,15,8.0,2.0424,448891.0,0.0015
tally_type_1,15,8.0,2.1369000000000002,449388.0,0.0015
tally_type_1,15,8.0,2.2358000000000002,450672.0,0.0015
tally_type_1,15,8.0,2.3392999999999997,451284.0,0.0015
tally_type_1,15,8.0,2.4476,451636.0,0.0015
tally_type_1,15,8.0,2.5609,451839.0,0.0015
tally_type_1,15,8.0,2.6794000000000002,453882.0,0.0015
tally_type_1,15,8.0,2.8034000000000003,454583.0,0.0015
tally_type_1,15,8.0,2.9332,455632.0,0.0015
tally_type_1,15,8.0,3.069,456262.0,0.0015
tally_type_1,15,8.0,3.211,457955.0,0.0015
tally_type_1,15,8.0,3.3596,457550.0,0.0015
tally_type_1,15,8.0,3.5151000000000003,459379.0,0.0015
tally_type_1,15,8.0,3.6779,460654.0,0.0015
tally_type_1,15,8.0,3.8481,461059.0,0.0015
tally_type_1,15,8.0,4.026199999999999,462467.0,0.0015
tally_type_1,15,8.0,4.2126,463732.0,0.0015
tally_type_1,15,8.0,4.4076,464627.0,0.0015
tally_type_1,15,8.0,4.6116,466222.0,0.0015
tally_type_1,15,8.0,4.825,466668.0,0.0015
tally_type_1,15,8.0,5.0484,468454.0,0.0015
tally_type_1,15,8.0,5.282,468577.0,0.0015
tally_type_1,15,8.0,5.5265,470267.0,0.0015
tally_type_1,15,8.0,5.782299999999999,472838.0,0.0015
tally_type_1,15,8.0,6.05,473122.0,0.0015
tally_type_1,15,8.0,6.33,475183.0,0.0015
tally_type_1,15,8.0,6.623,476481.0,0.0014
tally_type_1,15,8.0,6.9296,477700.0,0.0014
tally_type_1,15,8.0,7.2503,479037.0,0.0014
tally_type_1,15,8.0,7.5859,482296.0,0.0014
tally_type_1,15,8.0,7.937100000000001,483469.0,0.0014
tally_type_1,15,8.0,8.3044,485600.0,0.0014
tally_type_1,15,8.0,8.6888,486435.0,0.0014
tally_type_1,15,8.0,9.091,489092.0,0.0014
tally_type_1,15,8.0,9.511800000000001,490567.0,0.0014
tally_type_1,15,8.0,9.9521,492405.0,0.0014
tally_type_1,15,8.0,10.413,494983.99999999994,0.0014
tally_type_1,15,8.0,10.895,496676.99999999994,0.0014
tally_type_1,15,8.0,11.399,499029.0,0.0014
tally_type_1,15,8.0,11.927,502282.00000000006,0.0014
tally_type_1,15,8.0,12.479000000000001,505068.0,0.0014
tally_type_1,15,8.0,13.056,505923.0,0.0014
tally_type_1,15,8.0,13.661,509594.00000000006,0.0014
tally_type_1,15,8.0,14.293,511107.0,0.0014
tally_type_1,15,8.0,14.955,514211.0,0.0014
tally_type_1,15,8.0,15.647000000000002,517733.00000000006,0.0014
tally_type_1,15,8.0,16.371,521590.00000000006,0.0014
tally_type_1,15,8.0,17.128999999999998,524724.0,0.0014
tally_type_1,15,8.0,17.922,527282.0,0.0014
tally_type_1,15,8.0,18.751,531626.0,0.0014
tally_type_1,15,8.0,19.619,536472.0,0.0014
tally_type_1,15,8.0,20.527,538542.0,0.0014
tally_type_1,15,8.0,21.477,542686.0,0.0014
tally_type_1,15,8.0,22.471,547393.0,0.0014
tally_type_1,15,8.0,23.512,550994.0,0.0013
tally_type_1,15,8.0,24.6,556168.0,0.0013
tally_type_1,15,8.0,25.738,560442.0,0.0013
tally_type_1,15,8.0,26.93,564804.0,0.0013
tally_type_1,15,8.0,28.176,571398.0,0.0013
tally_type_1,15,8.0,29.481,575372.0,0.0013
tally_type_1,15,8.0,30.845000000000002,580730.0,0.0013
tally_type_1,15,8.0,32.273,585858.0,0.0013
tally_type_1,15,8.0,33.766999999999996,594283.0,0.0013
tally_type_1,15,8.0,35.33,598063.0,0.0013
tally_type_1,15,8.0,36.964999999999996,605226.0,0.0013
tally_type_1,15,8.0,38.676,613184.0,0.0013
tally_type_1,15,8.0,40.466,618192.0,0.0013
tally_type_1,15,8.0,42.339,627676.0,0.0013
tally_type_1,15,8.0,44.299,635042.0,0.0013
tally_type_1,15,8.0,46.349000000000004,641018.0,0.0012
tally_type_1,15,8.0,48.495000000000005,652110.0,0.0012
tally_type_1,15,8.0,50.739,660492.0,0.0012
tally_type_1,15,8.0,53.088,668701.0,0.0012
tally_type_1,15,8.0,55.544999999999995,679335.0,0.0012
tally_type_1,15,8.0,58.116,687970.0,0.0012
tally_type_1,15,8.0,60.806,699374.0,0.0012
tally_type_1,15,8.0,63.620999999999995,710076.0,0.0012
tally_type_1,15,8.0,66.566,722031.0,0.0012
tally_type_1,15,8.0,69.647,733991.0,0.0012
tally_type_1,15,8.0,72.87100000000001,747432.0,0.0012
tally_type_1,15,8.0,76.244,760391.0,0.0011
tally_type_1,15,8.0,79.773,773869.0,0.0011
tally_type_1,15,8.0,83.465,788456.0,0.0011
tally_type_1,15,8.0,87.32900000000001,803031.0,0.0011
tally_type_1,15,8.0,91.371,820312.0,0.0011
tally_type_1,15,8.0,95.60000000000001,835557.0,0.0011
tally_type_1,15,8.0,100.02999999999999,854804.0,0.0011
tally_type_1,15,8.0,104.66,872788.0,0.0011
tally_type_1,15,8.0,109.5,890564.0,0.0011
tally_type_1,15,8.0,114.57000000000001,910395.0,0.001
tally_type_1,15,8.0,119.87,931009.0,0.001
tally_type_1,15,8.0,125.42,954415.0,0.001
tally_type_1,15,8.0,131.22,976993.9999999999,0.001
tally_type_1,15,8.0,137.3,1001640.0,0.001
tally_type_1,15,8.0,143.65,1028899.9999999999,0.001
tally_type_1,15,8.0,150.29999999999998,1058110.0,0.001
tally_type_1,15,8.0,157.26000000000002,1077660.0,0.001
tally_type_1,15,8.0,164.54,1115340.0,0.0009
tally_type_1,15,8.0,172.16,1145070.0,0.0009
tally_type_1,15,8.0,180.12,1179960.0,0.0009
tally_type_1,15,8.0,188.45999999999998,1215680.0,0.0009
tally_type_1,15,8.0,197.18,1252850.0,0.0009
tally_type_1,15,8.0,206.31,1290350.0,0.0009
tally_type_1,15,8.0,215.85999999999999,1334200.0,0.0009
tally_type_1,15,8.0,225.85,1378930.0,0.0009
tally_type_1,15,8.0,236.31,1425630.0,0.0008
tally_type_1,15,8.0,247.23999999999998,1477260.0,0.0008
tally_type_1,15,8.0,258.69,1530850.0,0.0008
tally_type_1,15,8.0,270.66,1586440.0,0.0008
tally_type_1,15,8.0,283.19,1646220.0,0.0008
tally_type_1,15,8.0,296.3,1709700.0,0.0008
tally_type_1,15,8.0,310.01,1777640.0,0.0007
tally_type_1,15,8.0,324.35999999999996,1859750.0,0.0007
tally_type_1,15,8.0,339.38,1943880.0,0.0007
tally_type_1,15,8.0,355.09000000000003,2020650.0000000002,0.0007
tally_type_1,15,8.0,371.52000000000004,2072909.9999999998,0.0007
tally_type_1,15,8.0,388.72,2136720.0,0.0007
tally_type_1,15,8.0,406.71000000000004,2205690.0,0.0007
tally_type_1,15,8.0,425.53999999999996,2134710.0,0.0007
tally_type_1,15,8.0,445.23,1993230.0,0.0007
tally_type_1,15,8.0,465.84,2382960.0,0.0006
tally_type_1,15,8.0,487.41,2799370.0,0.0006
tally_type_1,15,8.0,509.97,3080820.0,0.0006
tally_type_1,15,8.0,533.5699999999999,3454720.0,0.0005
tally_type_1,15,8.0,558.2700000000001,4221660.0,0.0005
tally_type_1,15,8.0,584.11,5900820.0,0.0004
tally_type_1,15,8.0,611.15,26817400.0,0.0002
tally_type_1,15,8.0,639.4300000000001,0.0,0.0
tally_type_1,15,8.0,669.03,0.0,0.0
tally_type_1,15,8.0,700.0,0.0,0.0
